1998-07-11 22:00,8975,49154592
1998-07-11 22:01,9711,40131297
1998-07-11 22:02,8606,34271293
1998-07-11 22:03,8272,32867629
1998-07-11 22:04,8181,35984925
1998-07-11 22:05,8609,33232834
1998-07-11 22:06,9197,38085537
1998-07-11 22:07,9316,42044187
1998-07-11 22:08,8889,42666991
1998-07-11 22:09,8871,40755847
1998-07-11 22:10,8992,42608794
1998-07-11 22:11,8584,41734800
1998-07-11 22:12,8473,37136818
1998-07-11 22:13,8167,40620316
1998-07-11 22:14,7599,37609832
1998-07-11 22:15,8212,33883567
1998-07-11 22:16,8723,37486328
1998-07-11 22:17,9415,37273575
1998-07-11 22:18,9863,39667580
1998-07-11 22:19,9154,35193064
1998-07-11 22:20,8630,37780738
1998-07-11 22:21,9013,41117140
1998-07-11 22:22,8742,33063837
1998-07-11 22:23,9190,34859286
1998-07-11 22:24,9131,37270091
1998-07-11 22:25,8304,37384428
1998-07-11 22:26,8350,36381367
1998-07-11 22:27,8184,34262298
1998-07-11 22:28,7979,30991443
1998-07-11 22:29,8466,41460304
1998-07-11 22:30,8101,42862893
1998-07-11 22:31,8444,34075890
1998-07-11 22:32,8085,42849283
1998-07-11 22:33,8181,32738963
1998-07-11 22:34,7914,33383510
1998-07-11 22:35,8706,35229307
1998-07-11 22:36,7920,30140274
1998-07-11 22:37,8675,34267268
1998-07-11 22:38,8116,31895656
1998-07-11 22:39,7749,33265395
1998-07-11 22:40,8216,36283273
1998-07-11 22:41,7849,32252688
1998-07-11 22:42,7591,29996297
1998-07-11 22:43,7454,29362453
1998-07-11 22:44,7963,35364381
1998-07-11 22:45,7360,27273583
1998-07-11 22:46,7555,30089168
1998-07-11 22:47,7635,31704457
1998-07-11 22:48,8119,32874362
1998-07-11 22:49,8091,31472698
1998-07-11 22:50,8335,35070780
1998-07-11 22:51,8126,29544372
1998-07-11 22:52,8475,29233714
1998-07-11 22:53,8177,31647561
1998-07-11 22:54,7958,30607773
1998-07-11 22:55,8094,30105980
1998-07-11 22:56,7651,29573634
1998-07-11 22:57,8071,31238038
1998-07-11 22:58,8212,34986451
1998-07-11 22:59,8095,32902094
1998-07-11 23:00,8030,37922606
1998-07-11 23:01,7204,30012730
1998-07-11 23:02,7465,33268252
1998-07-11 23:03,7665,28777438
1998-07-11 23:04,7985,31666571
1998-07-11 23:05,7769,31833794
1998-07-11 23:06,7925,30483399
1998-07-11 23:07,7597,29127002
1998-07-11 23:08,8814,39881209
1998-07-11 23:09,8142,34113246
1998-07-11 23:10,7864,31599137
1998-07-11 23:11,8090,30998752
1998-07-11 23:12,7459,33567719
1998-07-11 23:13,7732,31806751
1998-07-11 23:14,7588,27738486
1998-07-11 23:15,7441,27939834
1998-07-11 23:16,7822,28467956
1998-07-11 23:17,8466,29421825
1998-07-11 23:18,7398,31683637
1998-07-11 23:19,7302,33425178
1998-07-11 23:20,7648,29585492
1998-07-11 23:21,8300,33112047
1998-07-11 23:22,7682,28168114
1998-07-11 23:23,7644,32690513
1998-07-11 23:24,7725,35441767
1998-07-11 23:25,7500,27939429
1998-07-11 23:26,6835,24334322
1998-07-11 23:27,7314,28352163
1998-07-11 23:28,7446,30073610
1998-07-11 23:29,7195,28648030
1998-07-11 23:30,7686,25903171
1998-07-11 23:31,7408,25618015
1998-07-11 23:32,7419,28449395
1998-07-11 23:33,7499,27307046
1998-07-11 23:34,7368,30796494
1998-07-11 23:35,7204,23668888
1998-07-11 23:36,7329,35104699
1998-07-11 23:37,6790,27548367
1998-07-11 23:38,6851,29034557
1998-07-11 23:39,7178,27859566
1998-07-11 23:40,7925,33695919
1998-07-11 23:41,8174,31565413
1998-07-11 23:42,8498,34387927
1998-07-11 23:43,7635,33207093
1998-07-11 23:44,7695,30871089
1998-07-11 23:45,8256,29380484
1998-07-11 23:46,7431,29581735
1998-07-11 23:47,7319,24835136
1998-07-11 23:48,6997,24549371
1998-07-11 23:49,7031,29503963
1998-07-11 23:50,7046,27167598
1998-07-11 23:51,7222,28320105
1998-07-11 23:52,7319,27272045
1998-07-11 23:53,7494,26871023
1998-07-11 23:54,7217,26847975
1998-07-11 23:55,7313,27327691
1998-07-11 23:56,6950,26359530
1998-07-11 23:57,6956,27889098
1998-07-11 23:58,6817,26790694
1998-07-11 23:59,7268,35515702
1998-07-12 00:00,7741,27153761
1998-07-12 00:01,7568,29121912
1998-07-12 00:02,7913,33307396
1998-07-12 00:03,7430,28534281
1998-07-12 00:04,8302,29516858
1998-07-12 00:05,8301,33794775
1998-07-12 00:06,8120,33094698
1998-07-12 00:07,7811,29781000
1998-07-12 00:08,8042,30956970
1998-07-12 00:09,7980,31924401
1998-07-12 00:10,7690,30217907
1998-07-12 00:11,7579,32862611
1998-07-12 00:12,7614,32427636
1998-07-12 00:13,7133,32257526
1998-07-12 00:14,7101,27809435
1998-07-12 00:15,6907,27692129
1998-07-12 00:16,6976,30824285
1998-07-12 00:17,6819,26658283
1998-07-12 00:18,7123,26437319
1998-07-12 00:19,7538,25338731
1998-07-12 00:20,7656,26900423
1998-07-12 00:21,8109,29972742
1998-07-12 00:22,7330,28081281
1998-07-12 00:23,7664,26510856
1998-07-12 00:24,7177,27985078
1998-07-12 00:25,7185,42612264
1998-07-12 00:26,6972,26525211
1998-07-12 00:27,7055,27159825
1998-07-12 00:28,7615,29164580
1998-07-12 00:29,7412,25866671
1998-07-12 00:30,7696,25709396
1998-07-12 00:31,7923,30028881
1998-07-12 00:32,8306,30831853
1998-07-12 00:33,7958,27903686
1998-07-12 00:34,7732,29588928
1998-07-12 00:35,7674,27088888
1998-07-12 00:36,7636,30380003
1998-07-12 00:37,7955,29236046
1998-07-12 00:38,7756,29144743
1998-07-12 00:39,7181,25535071
1998-07-12 00:40,7312,27732512
1998-07-12 00:41,7166,28321294
1998-07-12 00:42,7581,29447432
1998-07-12 00:43,7812,27952616
1998-07-12 00:44,7494,26531259
1998-07-12 00:45,7475,27490479
1998-07-12 00:46,7151,30358036
1998-07-12 00:47,7828,28694969
1998-07-12 00:48,8008,29538447
1998-07-12 00:49,8174,32651544
1998-07-12 00:50,8053,34027199
1998-07-12 00:51,7935,30301366
1998-07-12 00:52,8165,29420519
1998-07-12 00:53,8647,29196450
1998-07-12 00:54,8127,31413841
1998-07-12 00:55,8558,29579070
1998-07-12 00:56,7940,32772078
1998-07-12 00:57,8192,28367002
1998-07-12 00:58,7785,33955734
1998-07-12 00:59,7865,34591634
1998-07-12 01:00,7971,29488732
1998-07-12 01:01,7770,28047840
1998-07-12 01:02,7896,28981643
1998-07-12 01:03,7431,27435374
1998-07-12 01:04,7783,32072429
1998-07-12 01:05,8219,30446759
1998-07-12 01:06,7928,30624450
1998-07-12 01:07,8051,27030098
1998-07-12 01:08,7790,33296279
1998-07-12 01:09,8174,30312272
1998-07-12 01:10,8344,36816171
1998-07-12 01:11,8338,35012648
1998-07-12 01:12,7831,27125031
1998-07-12 01:13,7628,33229322
1998-07-12 01:14,7910,32359696
1998-07-12 01:15,8403,29617688
1998-07-12 01:16,7670,28772639
1998-07-12 01:17,7318,29231898
1998-07-12 01:18,7567,39357191
1998-07-12 01:19,7249,35472910
1998-07-12 01:20,7594,39961215
1998-07-12 01:21,7480,30895293
1998-07-12 01:22,7232,28563480
1998-07-12 01:23,6954,28821493
1998-07-12 01:24,7042,26089272
1998-07-12 01:25,7278,34110457
1998-07-12 01:26,7406,25947881
1998-07-12 01:27,7655,29915592
1998-07-12 01:28,7490,30689179
1998-07-12 01:29,7139,31492900
1998-07-12 01:30,6372,28294554
1998-07-12 01:31,6705,41797353
1998-07-12 01:32,7510,31897477
1998-07-12 01:33,7062,34970433
1998-07-12 01:34,7290,35505725
1998-07-12 01:35,7448,33315276
1998-07-12 01:36,7368,26342236
1998-07-12 01:37,6873,25898312
1998-07-12 01:38,6368,29311948
1998-07-12 01:39,6761,32136785
1998-07-12 01:40,6938,24065452
1998-07-12 01:41,7049,27304593
1998-07-12 01:42,7657,28215541
1998-07-12 01:43,7107,28948765
1998-07-12 01:44,7027,33019899
1998-07-12 01:45,6726,27617417
1998-07-12 01:46,6802,27903906
1998-07-12 01:47,7117,25726461
1998-07-12 01:48,6904,27611776
1998-07-12 01:49,6747,30240479
1998-07-12 01:50,6924,25085425
1998-07-12 01:51,7580,29192519
1998-07-12 01:52,7562,30315841
1998-07-12 01:53,6921,27602474
1998-07-12 01:54,7649,28669532
1998-07-12 01:55,8042,34397727
1998-07-12 01:56,8193,42838023
1998-07-12 01:57,7814,30123322
1998-07-12 01:58,7739,38021780
1998-07-12 01:59,7856,40171341
1998-07-12 02:00,7047,40849089
1998-07-12 02:01,7333,35258519
1998-07-12 02:02,7272,37113538
1998-07-12 02:03,7845,37786893
1998-07-12 02:04,7324,31374632
1998-07-12 02:05,7140,33084799
1998-07-12 02:06,6405,32875661
1998-07-12 02:07,6271,31570751
1998-07-12 02:08,6488,28197516
1998-07-12 02:09,7221,33622959
1998-07-12 02:10,7304,36371892
1998-07-12 02:11,7132,29884347
1998-07-12 02:12,7905,40685333
1998-07-12 02:13,8111,34742120
1998-07-12 02:14,7799,38574993
1998-07-12 02:15,8233,33826910
1998-07-12 02:16,8295,31479793
1998-07-12 02:17,7897,31004682
1998-07-12 02:18,8122,32266790
1998-07-12 02:19,7733,28512731
1998-07-12 02:20,8044,30830792
1998-07-12 02:21,7463,29221702
1998-07-12 02:22,7121,25023912
1998-07-12 02:23,6846,27375298
1998-07-12 02:24,6422,27423548
1998-07-12 02:25,6846,27420848
1998-07-12 02:26,7241,31001282
1998-07-12 02:27,8088,31375363
1998-07-12 02:28,7622,33206953
1998-07-12 02:29,8051,44634290
1998-07-12 02:30,7765,39480522
1998-07-12 02:31,7695,32719252
1998-07-12 02:32,7026,24545459
1998-07-12 02:33,7026,26709137
1998-07-12 02:34,6698,23252034
1998-07-12 02:35,7434,31537848
1998-07-12 02:36,6944,29402859
1998-07-12 02:37,7340,33713497
1998-07-12 02:38,7441,30004385
1998-07-12 02:39,7677,33368030
1998-07-12 02:40,7413,29913009
1998-07-12 02:41,7254,29944683
1998-07-12 02:42,6302,25467745
1998-07-12 02:43,6357,31375393
1998-07-12 02:44,7131,31311908
1998-07-12 02:45,7639,28540924
1998-07-12 02:46,7421,26970233
1998-07-12 02:47,6541,27760147
1998-07-12 02:48,6490,29138605
1998-07-12 02:49,7122,30167359
1998-07-12 02:50,7241,33381293
1998-07-12 02:51,7434,34344112
1998-07-12 02:52,7246,28288159
1998-07-12 02:53,7008,35654909
1998-07-12 02:54,7224,32946862
1998-07-12 02:55,7285,31912319
1998-07-12 02:56,7766,32546556
1998-07-12 02:57,7795,36562332
1998-07-12 02:58,7946,30724173
1998-07-12 02:59,7370,29905218
1998-07-12 03:00,6974,30244025
1998-07-12 03:01,6947,28424918
1998-07-12 03:02,7168,29199586
1998-07-12 03:03,7134,30869317
1998-07-12 03:04,7784,31768104
1998-07-12 03:05,7171,29786242
1998-07-12 03:06,7413,33692199
1998-07-12 03:07,7414,30444645
1998-07-12 03:08,6570,30749722
1998-07-12 03:09,8058,32925902
1998-07-12 03:10,7984,32722891
1998-07-12 03:11,7213,37723531
1998-07-12 03:12,6680,29778691
1998-07-12 03:13,7332,29009822
1998-07-12 03:14,6975,30129558
1998-07-12 03:15,7326,26946590
1998-07-12 03:16,7263,26049126
1998-07-12 03:17,7741,28785661
1998-07-12 03:18,6931,33419485
1998-07-12 03:19,7037,27544503
1998-07-12 03:20,7343,30097938
1998-07-12 03:21,7336,36754867
1998-07-12 03:22,6834,28475250
1998-07-12 03:23,6891,29733136
1998-07-12 03:24,7291,32902823
1998-07-12 03:25,7626,32666938
1998-07-12 03:26,6751,33266630
1998-07-12 03:27,6714,39075825
1998-07-12 03:28,6807,32202413
1998-07-12 03:29,6488,34980109
1998-07-12 03:30,7233,31903048
1998-07-12 03:31,7665,34119034
1998-07-12 03:32,7557,31231912
1998-07-12 03:33,7562,37701768
1998-07-12 03:34,7255,30425795
1998-07-12 03:35,6992,29423032
1998-07-12 03:36,6701,26491745
1998-07-12 03:37,7031,29846003
1998-07-12 03:38,6980,24884729
1998-07-12 03:39,7512,28825095
1998-07-12 03:40,7401,28120456
1998-07-12 03:41,7675,31434240
1998-07-12 03:42,7007,24705539
1998-07-12 03:43,7347,28911987
1998-07-12 03:44,7301,31977157
1998-07-12 03:45,6921,30795763
1998-07-12 03:46,7533,27621897
1998-07-12 03:47,7483,30317191
1998-07-12 03:48,6986,29341476
1998-07-12 03:49,7227,30060946
1998-07-12 03:50,6631,31643454
1998-07-12 03:51,6860,30887076
1998-07-12 03:52,7064,28444328
1998-07-12 03:53,6979,32703513
1998-07-12 03:54,6906,30723082
1998-07-12 03:55,7453,29246485
1998-07-12 03:56,7183,44093935
1998-07-12 03:57,6597,28202808
1998-07-12 03:58,6477,25306558
1998-07-12 03:59,6567,29039845
1998-07-12 04:00,6935,29900607
1998-07-12 04:01,7492,33767521
1998-07-12 04:02,7480,28398345
1998-07-12 04:03,7131,27582069
1998-07-12 04:04,7388,29774103
1998-07-12 04:05,7658,32624616
1998-07-12 04:06,7589,32071722
1998-07-12 04:07,7313,33901698
1998-07-12 04:08,7182,29719494
1998-07-12 04:09,6601,25853954
1998-07-12 04:10,7081,36381569
1998-07-12 04:11,6960,55416246
1998-07-12 04:12,7143,32834881
1998-07-12 04:13,6954,26037293
1998-07-12 04:14,6248,26113248
1998-07-12 04:15,6431,36831411
1998-07-12 04:16,6623,33806808
1998-07-12 04:17,6763,33512024
1998-07-12 04:18,6759,28065733
1998-07-12 04:19,6403,28838427
1998-07-12 04:20,6222,22877030
1998-07-12 04:21,6399,27319329
1998-07-12 04:22,6353,23440626
1998-07-12 04:23,6125,28983068
1998-07-12 04:24,6576,25108412
1998-07-12 04:25,6204,28283727
1998-07-12 04:26,6923,28185059
1998-07-12 04:27,6329,25043177
1998-07-12 04:28,6607,25992481
1998-07-12 04:29,6609,28441223
1998-07-12 04:30,6223,26965440
1998-07-12 04:31,5828,26383706
1998-07-12 04:32,6014,31872372
1998-07-12 04:33,5830,24722992
1998-07-12 04:34,5757,25649315
1998-07-12 04:35,6071,23401545
1998-07-12 04:36,6340,29429530
1998-07-12 04:37,6852,24019827
1998-07-12 04:38,6300,26730657
1998-07-12 04:39,6206,26051981
1998-07-12 04:40,6199,27317031
1998-07-12 04:41,5825,31409358
1998-07-12 04:42,5961,27258425
1998-07-12 04:43,6160,24740878
1998-07-12 04:44,6218,24841698
1998-07-12 04:45,6128,28778988
1998-07-12 04:46,5945,27125573
1998-07-12 04:47,6086,27484457
1998-07-12 04:48,6145,24854999
1998-07-12 04:49,5963,34111671
1998-07-12 04:50,6227,26110460
1998-07-12 04:51,6200,27214797
1998-07-12 04:52,5893,27939302
1998-07-12 04:53,5260,23308333
1998-07-12 04:54,5526,19897728
1998-07-12 04:55,5292,19622990
1998-07-12 04:56,5927,21941056
1998-07-12 04:57,5941,24727898
1998-07-12 04:58,5805,23263461
1998-07-12 04:59,6442,25166818
1998-07-12 05:00,6107,24209868
1998-07-12 05:01,6232,28956639
1998-07-12 05:02,5650,30480730
1998-07-12 05:03,5924,25930201
1998-07-12 05:04,6015,26269338
1998-07-12 05:05,5794,22924096
1998-07-12 05:06,5904,19268663
1998-07-12 05:07,6327,25684281
1998-07-12 05:08,5951,25486954
1998-07-12 05:09,6277,25440325
1998-07-12 05:10,6322,27215739
1998-07-12 05:11,5956,25168731
1998-07-12 05:12,5770,29289834
1998-07-12 05:13,5515,33231563
1998-07-12 05:14,6079,29059057
1998-07-12 05:15,5634,28259871
1998-07-12 05:16,5765,22796182
1998-07-12 05:17,6314,31177858
1998-07-12 05:18,6392,27008143
1998-07-12 05:19,6260,25521796
1998-07-12 05:20,5601,24415792
1998-07-12 05:21,5417,24891955
1998-07-12 05:22,6165,30678685
1998-07-12 05:23,6224,27029581
1998-07-12 05:24,6034,30999329
1998-07-12 05:25,6436,32641299
1998-07-12 05:26,6232,25094018
1998-07-12 05:27,5991,24845821
1998-07-12 05:28,5835,27394849
1998-07-12 05:29,5654,29977236
1998-07-12 05:30,6232,35274599
1998-07-12 05:31,5592,23445226
1998-07-12 05:32,5646,24599736
1998-07-12 05:33,6136,29422869
1998-07-12 05:34,6388,24346512
1998-07-12 05:35,5710,26149303
1998-07-12 05:36,6184,29764991
1998-07-12 05:37,5839,28940399
1998-07-12 05:38,5855,22011546
1998-07-12 05:39,5912,26862593
1998-07-12 05:40,5480,21477677
1998-07-12 05:41,5594,25714871
1998-07-12 05:42,5557,24676717
1998-07-12 05:43,5743,29169235
1998-07-12 05:44,5442,28565922
1998-07-12 05:45,5443,24997925
1998-07-12 05:46,5177,20743725
1998-07-12 05:47,5587,30784165
1998-07-12 05:48,5178,27133363
1998-07-12 05:49,5163,26986936
1998-07-12 05:50,5621,22193319
1998-07-12 05:51,5536,26999806
1998-07-12 05:52,5389,20864006
1998-07-12 05:53,5722,23235996
1998-07-12 05:54,5626,23957956
1998-07-12 05:55,5674,22709950
1998-07-12 05:56,5761,26524897
1998-07-12 05:57,5520,27005642
1998-07-12 05:58,5446,25150901
1998-07-12 05:59,5161,24448602
1998-07-12 06:00,5329,22503681
1998-07-12 06:01,5668,30182523
1998-07-12 06:02,6140,26955003
1998-07-12 06:03,5671,30076993
1998-07-12 06:04,5427,23372969
1998-07-12 06:05,5384,27136990
1998-07-12 06:06,5018,26242474
1998-07-12 06:07,5315,22030944
1998-07-12 06:08,5676,25179710
1998-07-12 06:09,5301,23458730
1998-07-12 06:10,5527,27678459
1998-07-12 06:11,5126,23904565
1998-07-12 06:12,4953,23044410
1998-07-12 06:13,5346,24969325
1998-07-12 06:14,5219,23168857
1998-07-12 06:15,4670,22211900
1998-07-12 06:16,4860,26437619
1998-07-12 06:17,4972,28119317
1998-07-12 06:18,5073,23014281
1998-07-12 06:19,5224,25030272
1998-07-12 06:20,5053,24714042
1998-07-12 06:21,4869,18497255
1998-07-12 06:22,5585,18764372
1998-07-12 06:23,5697,21657252
1998-07-12 06:24,5052,25430894
1998-07-12 06:25,4995,25538807
1998-07-12 06:26,5160,26202835
1998-07-12 06:27,5332,25223746
1998-07-12 06:28,5438,21888933
1998-07-12 06:29,5306,21656877
1998-07-12 06:30,5148,22423862
1998-07-12 06:31,5247,22210846
1998-07-12 06:32,5168,22081186
1998-07-12 06:33,5278,27635860
1998-07-12 06:34,5148,19157822
1998-07-12 06:35,4921,22747741
1998-07-12 06:36,5129,20643116
1998-07-12 06:37,4988,24337316
1998-07-12 06:38,5106,20358256
1998-07-12 06:39,4558,23036308
1998-07-12 06:40,5274,48947597
1998-07-12 06:41,5075,37722955
1998-07-12 06:42,5116,21600018
1998-07-12 06:43,5005,19079780
1998-07-12 06:44,5060,26119583
1998-07-12 06:45,4931,23709886
1998-07-12 06:46,5093,19358094
1998-07-12 06:47,4783,27529246
1998-07-12 06:48,4693,20689788
1998-07-12 06:49,4953,20083926
1998-07-12 06:50,5708,24994565
1998-07-12 06:51,4726,22703032
1998-07-12 06:52,4666,24342442
1998-07-12 06:53,5804,21977449
1998-07-12 06:54,5268,23580318
1998-07-12 06:55,4972,20143465
1998-07-12 06:56,5268,24211253
1998-07-12 06:57,5067,21991604
1998-07-12 06:58,4963,22672764
1998-07-12 06:59,5282,23023188
1998-07-12 07:00,5436,26190843
1998-07-12 07:01,5318,23002853
1998-07-12 07:02,5018,23604992
1998-07-12 07:03,4797,25446692
1998-07-12 07:04,4944,24742131
1998-07-12 07:05,5729,25056338
1998-07-12 07:06,5587,25971017
1998-07-12 07:07,5432,23140010
1998-07-12 07:08,5310,26191822
1998-07-12 07:09,5024,23702261
1998-07-12 07:10,5435,27516335
1998-07-12 07:11,4832,24855652
1998-07-12 07:12,4954,19913360
1998-07-12 07:13,5041,25208999
1998-07-12 07:14,4717,21191084
1998-07-12 07:15,4212,22266479
1998-07-12 07:16,4561,22041784
1998-07-12 07:17,4740,22332305
1998-07-12 07:18,4780,23162684
1998-07-12 07:19,4658,21197047
1998-07-12 07:20,4247,21076697
1998-07-12 07:21,4656,18496457
1998-07-12 07:22,4637,21615950
1998-07-12 07:23,4845,22661874
1998-07-12 07:24,5280,22373653
1998-07-12 07:25,5005,23001094
1998-07-12 07:26,4925,22540136
1998-07-12 07:27,4910,20211981
1998-07-12 07:28,4388,23172966
1998-07-12 07:29,4925,25559634
1998-07-12 07:30,4733,19874568
1998-07-12 07:31,4911,21596455
1998-07-12 07:32,4904,18248384
1998-07-12 07:33,4630,22818111
1998-07-12 07:34,4625,22515643
1998-07-12 07:35,4936,19784828
1998-07-12 07:36,5213,20032506
1998-07-12 07:37,4824,28167530
1998-07-12 07:38,5333,25658739
1998-07-12 07:39,5123,21119215
1998-07-12 07:40,5652,20553944
1998-07-12 07:41,4949,25315519
1998-07-12 07:42,4989,20761580
1998-07-12 07:43,5349,25488179
1998-07-12 07:44,4853,24849470
1998-07-12 07:45,4942,22479566
1998-07-12 07:46,4894,19301226
1998-07-12 07:47,4360,21351706
1998-07-12 07:48,4836,17264906
1998-07-12 07:49,4970,23465618
1998-07-12 07:50,5385,20335542
1998-07-12 07:51,5226,25338934
1998-07-12 07:52,5175,19987406
1998-07-12 07:53,5002,20764941
1998-07-12 07:54,4666,23287287
1998-07-12 07:55,4688,27453756
1998-07-12 07:56,4478,29234313
1998-07-12 07:57,4724,23660683
1998-07-12 07:58,4933,20968436
1998-07-12 07:59,5121,18824902
1998-07-12 08:00,4696,20119741
1998-07-12 08:01,5013,26073295
1998-07-12 08:02,5241,20858748
1998-07-12 08:03,5030,21848060
1998-07-12 08:04,5139,27752759
1998-07-12 08:05,4840,20089004
1998-07-12 08:06,4764,21282257
1998-07-12 08:07,4828,24454855
1998-07-12 08:08,4851,23333193
1998-07-12 08:09,5123,24544059
1998-07-12 08:10,5178,25393486
1998-07-12 08:11,4879,24321626
1998-07-12 08:12,4653,28338119
1998-07-12 08:13,4451,24807431
1998-07-12 08:14,4416,22136091
1998-07-12 08:15,4850,24816500
1998-07-12 08:16,5282,21907609
1998-07-12 08:17,5236,21785439
1998-07-12 08:18,4705,26795531
1998-07-12 08:19,5566,21281768
1998-07-12 08:20,5406,22635665
1998-07-12 08:21,5489,25287266
1998-07-12 08:22,5359,29277146
1998-07-12 08:23,4995,23249472
1998-07-12 08:24,5097,25370813
1998-07-12 08:25,5486,25565985
1998-07-12 08:26,4902,23081785
1998-07-12 08:27,5238,24215650
1998-07-12 08:28,5478,21771530
1998-07-12 08:29,4958,22167008
1998-07-12 08:30,5454,22295761
1998-07-12 08:31,5420,22882963
1998-07-12 08:32,5124,21232820
1998-07-12 08:33,4837,21636116
1998-07-12 08:34,5315,28414367
1998-07-12 08:35,4839,23425427
1998-07-12 08:36,4731,25609675
1998-07-12 08:37,4951,23150635
1998-07-12 08:38,5204,18330777
1998-07-12 08:39,5531,25801435
1998-07-12 08:40,5388,28323317
1998-07-12 08:41,5222,33627107
1998-07-12 08:42,5016,22209118
1998-07-12 08:43,5043,29411568
1998-07-12 08:44,5137,22820193
1998-07-12 08:45,5056,25094145
1998-07-12 08:46,4911,23338648
1998-07-12 08:47,5035,22893804
1998-07-12 08:48,4373,18662628
1998-07-12 08:49,4351,24883735
1998-07-12 08:50,4954,20630811
1998-07-12 08:51,4891,17410610
1998-07-12 08:52,4799,26713318
1998-07-12 08:53,4706,31112617
1998-07-12 08:54,4605,29641745
1998-07-12 08:55,5039,25104927
1998-07-12 08:56,5214,22285816
1998-07-12 08:57,4536,19497525
1998-07-12 08:58,4920,20235840
1998-07-12 08:59,4448,20671536
1998-07-12 09:00,4663,20925435
1998-07-12 09:01,4795,20096331
1998-07-12 09:02,5721,20483093
1998-07-12 09:03,5989,23196230
1998-07-12 09:04,5561,23832376
1998-07-12 09:05,5538,25032961
1998-07-12 09:06,5618,37026193
1998-07-12 09:07,5590,25936729
1998-07-12 09:08,5007,19397322
1998-07-12 09:09,4793,27400087
1998-07-12 09:10,4803,26639796
1998-07-12 09:11,4858,27939650
1998-07-12 09:12,5232,29934050
1998-07-12 09:13,4585,18488517
1998-07-12 09:14,4730,23795507
1998-07-12 09:15,4455,31300433
1998-07-12 09:16,4460,20267263
1998-07-12 09:17,4810,24605824
1998-07-12 09:18,4594,24250538
1998-07-12 09:19,4346,23572970
1998-07-12 09:20,4572,22104607
1998-07-12 09:21,4975,19439955
1998-07-12 09:22,4721,23023979
1998-07-12 09:23,4559,21561873
1998-07-12 09:24,4833,19600823
1998-07-12 09:25,5164,23616377
1998-07-12 09:26,5208,28134570
1998-07-12 09:27,4999,20367776
1998-07-12 09:28,4694,27927078
1998-07-12 09:29,4853,25553631
1998-07-12 09:30,4562,20595988
1998-07-12 09:31,4623,23662870
1998-07-12 09:32,4494,22195385
1998-07-12 09:33,4208,17451606
1998-07-12 09:34,4436,19344676
1998-07-12 09:35,4915,24569995
1998-07-12 09:36,4611,25730214
1998-07-12 09:37,4364,18849333
1998-07-12 09:38,4608,18584001
1998-07-12 09:39,4458,22074752
1998-07-12 09:40,4262,29971825
1998-07-12 09:41,4735,28987045
1998-07-12 09:42,4094,20171967
1998-07-12 09:43,4752,19357543
1998-07-12 09:44,4789,19784307
1998-07-12 09:45,4558,17799565
1998-07-12 09:46,4576,22238238
1998-07-12 09:47,4578,21483418
1998-07-12 09:48,4500,15866011
1998-07-12 09:49,5024,19913623
1998-07-12 09:50,4924,17344131
1998-07-12 09:51,4975,22962412
1998-07-12 09:52,5095,21631483
1998-07-12 09:53,5048,22528491
1998-07-12 09:54,4720,18282551
1998-07-12 09:55,4766,23191406
1998-07-12 09:56,4948,24690333
1998-07-12 09:57,5232,20581797
1998-07-12 09:58,5409,27499226
1998-07-12 09:59,5317,25034996
1998-07-12 10:00,5519,26796187
1998-07-12 10:01,4977,24995372
1998-07-12 10:02,5822,25007163
1998-07-12 10:03,5321,21736178
1998-07-12 10:04,5271,24026502
1998-07-12 10:05,5472,25349586
1998-07-12 10:06,5330,24585895
1998-07-12 10:07,5923,24437361
1998-07-12 10:08,5859,27141192
1998-07-12 10:09,6086,29117818
1998-07-12 10:10,5781,27921262
1998-07-12 10:11,5981,27097192
1998-07-12 10:12,5503,36374295
1998-07-12 10:13,5158,26513888
1998-07-12 10:14,4843,23531501
1998-07-12 10:15,5700,25842649
1998-07-12 10:16,5694,23861985
1998-07-12 10:17,5467,24968627
1998-07-12 10:18,5743,23060881
1998-07-12 10:19,5840,28177839
1998-07-12 10:20,6240,23030082
1998-07-12 10:21,5788,24476526
1998-07-12 10:22,5423,19019353
1998-07-12 10:23,5847,25524033
1998-07-12 10:24,5808,25091784
1998-07-12 10:25,5853,25944420
1998-07-12 10:26,5704,22918450
1998-07-12 10:27,5967,25215278
1998-07-12 10:28,5729,30153200
1998-07-12 10:29,5967,25659498
1998-07-12 10:30,6144,25506976
1998-07-12 10:31,5853,26694708
1998-07-12 10:32,5739,24294265
1998-07-12 10:33,5759,26913883
1998-07-12 10:34,5530,25559943
1998-07-12 10:35,5812,22532538
1998-07-12 10:36,5775,23466740
1998-07-12 10:37,5734,25586378
1998-07-12 10:38,5530,29116165
1998-07-12 10:39,5560,26722106
1998-07-12 10:40,5581,28857689
1998-07-12 10:41,5389,21077265
1998-07-12 10:42,5393,21484843
1998-07-12 10:43,5520,25434817
1998-07-12 10:44,5595,24831196
1998-07-12 10:45,5429,25679185
1998-07-12 10:46,5983,28075909
1998-07-12 10:47,5425,20130087
1998-07-12 10:48,5132,25880508
1998-07-12 10:49,5338,22722353
1998-07-12 10:50,5280,29515462
1998-07-12 10:51,5027,26348958
1998-07-12 10:52,4918,21465902
1998-07-12 10:53,5234,25231697
1998-07-12 10:54,4963,19391391
1998-07-12 10:55,5227,25481710
1998-07-12 10:56,5064,24623576
1998-07-12 10:57,5545,25824490
1998-07-12 10:58,5700,24923393
1998-07-12 10:59,5988,26959306
1998-07-12 11:00,5867,27532619
1998-07-12 11:01,5669,24719530
1998-07-12 11:02,5468,26372754
1998-07-12 11:03,5353,29123715
1998-07-12 11:04,5759,26598023
1998-07-12 11:05,6282,31916814
1998-07-12 11:06,5687,28728565
1998-07-12 11:07,5306,29501971
1998-07-12 11:08,5426,24982064
1998-07-12 11:09,5703,23145395
1998-07-12 11:10,5116,28031671
1998-07-12 11:11,4710,28721982
1998-07-12 11:12,5253,25222084
1998-07-12 11:13,5008,22854369
1998-07-12 11:14,4905,22725559
1998-07-12 11:15,5182,22520783
1998-07-12 11:16,5631,22588574
1998-07-12 11:17,5355,23271545
1998-07-12 11:18,5460,24489187
1998-07-12 11:19,5143,19285984
1998-07-12 11:20,5422,18999330
1998-07-12 11:21,4937,20469253
1998-07-12 11:22,4467,26664787
1998-07-12 11:23,4631,20962138
1998-07-12 11:24,5023,18489831
1998-07-12 11:25,5100,26052925
1998-07-12 11:26,5334,23964208
1998-07-12 11:27,4843,18782611
1998-07-12 11:28,5108,26195805
1998-07-12 11:29,5076,21969337
1998-07-12 11:30,5102,22781331
1998-07-12 11:31,5309,21907193
1998-07-12 11:32,5342,40008453
1998-07-12 11:33,5640,27416676
1998-07-12 11:34,5684,22207606
1998-07-12 11:35,5759,21637829
1998-07-12 11:36,5130,23493359
1998-07-12 11:37,5467,27599961
1998-07-12 11:38,5181,20058270
1998-07-12 11:39,5429,28949576
1998-07-12 11:40,5618,24494087
1998-07-12 11:41,5603,29873926
1998-07-12 11:42,5807,25603609
1998-07-12 11:43,6095,25399598
1998-07-12 11:44,5362,31529048
1998-07-12 11:45,5323,24836043
1998-07-12 11:46,5190,25330737
1998-07-12 11:47,5174,26236188
1998-07-12 11:48,5446,24082255
1998-07-12 11:49,5568,27594876
1998-07-12 11:50,5621,23445981
1998-07-12 11:51,5771,25513398
1998-07-12 11:52,5652,22033092
1998-07-12 11:53,5702,27610434
1998-07-12 11:54,5709,25238574
1998-07-12 11:55,5851,22895944
1998-07-12 11:56,5254,23305635
1998-07-12 11:57,5214,24618651
1998-07-12 11:58,5265,27988064
1998-07-12 11:59,5100,26803970
1998-07-12 12:00,5879,23413122
1998-07-12 12:01,5981,28159870
1998-07-12 12:02,6061,28573148
1998-07-12 12:03,5758,26263433
1998-07-12 12:04,6052,25375690
1998-07-12 12:05,5710,30137647
1998-07-12 12:06,5466,34031533
1998-07-12 12:07,5413,22712734
1998-07-12 12:08,6049,28704681
1998-07-12 12:09,6391,31455765
1998-07-12 12:10,6337,27172346
1998-07-12 12:11,6095,27573221
1998-07-12 12:12,6212,27109098
1998-07-12 12:13,6459,34295677
1998-07-12 12:14,5610,24836695
1998-07-12 12:15,5647,25398393
1998-07-12 12:16,6083,26277821
1998-07-12 12:17,6214,30385601
1998-07-12 12:18,6115,28216442
1998-07-12 12:19,5951,24382082
1998-07-12 12:20,5538,22488008
1998-07-12 12:21,5437,27212535
1998-07-12 12:22,5539,33830749
1998-07-12 12:23,5558,24402404
1998-07-12 12:24,5377,28460901
1998-07-12 12:25,5217,26865264
1998-07-12 12:26,5270,25743440
1998-07-12 12:27,5236,27850082
1998-07-12 12:28,5610,22305879
1998-07-12 12:29,5812,24779306
1998-07-12 12:30,6610,27795060
1998-07-12 12:31,6347,23430805
1998-07-12 12:32,5618,29573317
1998-07-12 12:33,6333,26403614
1998-07-12 12:34,6683,28580299
1998-07-12 12:35,6487,22212245
1998-07-12 12:36,5916,31663192
1998-07-12 12:37,5560,20651625
1998-07-12 12:38,5798,23614565
1998-07-12 12:39,6134,23546871
1998-07-12 12:40,5974,25266374
1998-07-12 12:41,6080,25824602
1998-07-12 12:42,6408,26737441
1998-07-12 12:43,6202,25694824
1998-07-12 12:44,6131,26266543
1998-07-12 12:45,6882,29792354
1998-07-12 12:46,6915,26121016
1998-07-12 12:47,6836,28470564
1998-07-12 12:48,6389,27389952
1998-07-12 12:49,6226,31260847
1998-07-12 12:50,6226,27050637
1998-07-12 12:51,6574,29283327
1998-07-12 12:52,6324,26882903
1998-07-12 12:53,6544,26882544
1998-07-12 12:54,6928,28576937
1998-07-12 12:55,6554,27584509
1998-07-12 12:56,7049,33707138
1998-07-12 12:57,6614,31007894
1998-07-12 12:58,6643,25773468
1998-07-12 12:59,6340,28911953
1998-07-12 13:00,6514,26142425
1998-07-12 13:01,6209,26249495
1998-07-12 13:02,6578,28883198
1998-07-12 13:03,7167,30542755
1998-07-12 13:04,6803,31662984
1998-07-12 13:05,6481,29872966
1998-07-12 13:06,6886,29445413
1998-07-12 13:07,6503,28650521
1998-07-12 13:08,6819,31577264
1998-07-12 13:09,7251,36828412
1998-07-12 13:10,6820,38418258
1998-07-12 13:11,7008,31870560
1998-07-12 13:12,7695,29861478
1998-07-12 13:13,7457,36139357
1998-07-12 13:14,6556,29557122
1998-07-12 13:15,6852,31751807
1998-07-12 13:16,6537,28506198
1998-07-12 13:17,7272,29214604
1998-07-12 13:18,6504,25771606
1998-07-12 13:19,6765,28666238
1998-07-12 13:20,6780,33002295
1998-07-12 13:21,7362,32728331
1998-07-12 13:22,6864,30774727
1998-07-12 13:23,6874,27874277
1998-07-12 13:24,7210,29612745
1998-07-12 13:25,7065,34224155
1998-07-12 13:26,7145,31394493
1998-07-12 13:27,7402,28507262
1998-07-12 13:28,7047,37790303
1998-07-12 13:29,7480,33881417
1998-07-12 13:30,7176,30081810
1998-07-12 13:31,7301,32078009
1998-07-12 13:32,7380,31286409
1998-07-12 13:33,7251,29092322
1998-07-12 13:34,7435,28687199
1998-07-12 13:35,6865,29517107
1998-07-12 13:36,7338,38899056
1998-07-12 13:37,7428,35418230
1998-07-12 13:38,7169,32459854
1998-07-12 13:39,7369,44228970
1998-07-12 13:40,7466,51496596
1998-07-12 13:41,7766,39241453
1998-07-12 13:42,7398,40606054
1998-07-12 13:43,7779,37108841
1998-07-12 13:44,8206,37012493
1998-07-12 13:45,8073,34387690
1998-07-12 13:46,8010,32985911
1998-07-12 13:47,7367,33327973
1998-07-12 13:48,7453,30946336
1998-07-12 13:49,8033,36579529
1998-07-12 13:50,8094,33864029
1998-07-12 13:51,7909,38459839
1998-07-12 13:52,7327,30164588
1998-07-12 13:53,7352,29021555
1998-07-12 13:54,7810,37902482
1998-07-12 13:55,7446,34833175
1998-07-12 13:56,7421,40713644
1998-07-12 13:57,8093,33828098
1998-07-12 13:58,8329,36896478
1998-07-12 13:59,8816,30489086
1998-07-12 14:00,8655,43807088
1998-07-12 14:01,8436,39420867
1998-07-12 14:02,8473,35739834
1998-07-12 14:03,7836,32582486
1998-07-12 14:04,8059,33230919
1998-07-12 14:05,8037,39371333
1998-07-12 14:06,8013,36840723
1998-07-12 14:07,8465,37692840
1998-07-12 14:08,8716,34704170
1998-07-12 14:09,7959,32200098
1998-07-12 14:10,8720,41215955
1998-07-12 14:11,8327,38760090
1998-07-12 14:12,8038,39308064
1998-07-12 14:13,8016,34651574
1998-07-12 14:14,7596,37291549
1998-07-12 14:15,8032,41586038
1998-07-12 14:16,7702,30705590
1998-07-12 14:17,8296,36433194
1998-07-12 14:18,8014,33561136
1998-07-12 14:19,7352,31587514
1998-07-12 14:20,8081,33061284
1998-07-12 14:21,7844,34246889
1998-07-12 14:22,7770,34530615
1998-07-12 14:23,7970,30160716
1998-07-12 14:24,8230,31334799
1998-07-12 14:25,8141,40998509
1998-07-12 14:26,7724,29039349
1998-07-12 14:27,8048,33952795
1998-07-12 14:28,8314,30881780
1998-07-12 14:29,8412,44467246
1998-07-12 14:30,8137,41619168
1998-07-12 14:31,8371,36643404
1998-07-12 14:32,7898,37715723
1998-07-12 14:33,8086,39347820
1998-07-12 14:34,8403,42453756
1998-07-12 14:35,8235,36888905
1998-07-12 14:36,8025,39537735
1998-07-12 14:37,8422,36447779
1998-07-12 14:38,8563,38834411
1998-07-12 14:39,7785,38012062
1998-07-12 14:40,8577,34744370
1998-07-12 14:41,8483,34031308
1998-07-12 14:42,8965,35645296
1998-07-12 14:43,9024,42066497
1998-07-12 14:44,8356,35599057
1998-07-12 14:45,8044,32258391
1998-07-12 14:46,7304,38641242
1998-07-12 14:47,7400,39377385
1998-07-12 14:48,7498,40936434
1998-07-12 14:49,7355,37508433
1998-07-12 14:50,7825,35725768
1998-07-12 14:51,8158,32878562
1998-07-12 14:52,8277,39203686
1998-07-12 14:53,7588,38366115
1998-07-12 14:54,8086,35599704
1998-07-12 14:55,8305,37630324
1998-07-12 14:56,7099,35962850
1998-07-12 14:57,7395,30455201
1998-07-12 14:58,7925,37538689
1998-07-12 14:59,8627,35862036
1998-07-12 15:00,8329,36734951
1998-07-12 15:01,8229,38246121
1998-07-12 15:02,8642,37023216
1998-07-12 15:03,8478,37354793
1998-07-12 15:04,8167,33350610
1998-07-12 15:05,8404,32684402
1998-07-12 15:06,8780,38453846
1998-07-12 15:07,8544,38515496
1998-07-12 15:08,8757,39727135
1998-07-12 15:09,8671,44741123
1998-07-12 15:10,8392,35577691
1998-07-12 15:11,9165,39208439
1998-07-12 15:12,8369,40051639
1998-07-12 15:13,8443,38298708
1998-07-12 15:14,8650,41148645
1998-07-12 15:15,8913,34358639
1998-07-12 15:16,9252,38256115
1998-07-12 15:17,9370,36480508
1998-07-12 15:18,9165,39509002
1998-07-12 15:19,9148,42987524
1998-07-12 15:20,9301,40631939
1998-07-12 15:21,9583,37478720
1998-07-12 15:22,8970,36572490
1998-07-12 15:23,9082,39758658
1998-07-12 15:24,8940,41149928
1998-07-12 15:25,9361,40310632
1998-07-12 15:26,9266,39226977
1998-07-12 15:27,9103,37866402
1998-07-12 15:28,9112,40348589
1998-07-12 15:29,9536,40165031
1998-07-12 15:30,9092,39683156
1998-07-12 15:31,9695,36579959
1998-07-12 15:32,9528,35654020
1998-07-12 15:33,9392,39068742
1998-07-12 15:34,8862,36732537
1998-07-12 15:35,9024,36725924
1998-07-12 15:36,9102,31875534
1998-07-12 15:37,9622,40334014
1998-07-12 15:38,9169,57784422
1998-07-12 15:39,9101,35286840
1998-07-12 15:40,9230,37684857
1998-07-12 15:41,9301,39765277
1998-07-12 15:42,9956,41832257
1998-07-12 15:43,3983,16278782
